Machine ID,Timestamp,Temperature,Pressure,Vibration,Operational Hours,Maintenance History,Failure
e0d1202e-ada0-4f29-9972-e57008e11d70,6/1/2023 11:59,55.57,146.26,4.12,16540,Yes,No
5b36c9d4-ec3a-4459-a408-461563caa1db,3/5/2023 3:35,87.08,459.8,2.92,3199,No,Yes
8a8f478c-bea8-4b9b-a8c0-004cb8034c72,5/25/2023 6:33,62.24,176.03,3.84,3989,No,No
c8437f2d-a812-447c-88fb-6abe325fde5b,12/30/2022 8:03,56.98,117.75,0.96,3797,No,No
fe8b5529-e3d3-408a-bff6-5b2fbe37393a,12/14/2022 17:22,55.12,274.42,2.64,4054,Yes,Yes
a57b1876-60a8-4436-aba9-b791157886df,1/10/2023 7:36,87.03,307.97,2.27,15151,No,Yes
9e33571f-1320-49a4-a989-604c0ad4893b,12/1/2022 2:28,77.27,422.6,1.46,4164,No,No
92d0042b-723f-421b-a5d5-281c98047a52,7/11/2023 7:46,79.52,374.74,4.99,13210,No,Yes
a4ad39d2-2c07-421c-919b-7fd243a5273e,9/28/2022 1:40,51.59,476.11,2.24,5263,No,No
14e22332-d1d5-4775-a9a5-659dcf3aab5b,10/9/2022 6:47,54.68,394.82,4.09,19231,Yes,No
559b51db-57fe-4cd7-94d7-23b976ed6e7c,6/13/2023 22:37,61.63,178.81,4.85,2965,Yes,No
885def53-2996-42cf-aa89-e80d64d045ca,10/1/2022 18:42,80.1,272.52,2.4,19402,No,Yes
fc6d905a-0023-40f3-8c15-deb25013a6f5,3/25/2023 2:03,78.06,479.55,2.1,19405,No,No
4ae73626-4137-4042-83be-b72d801c39e9,12/13/2022 17:12,85.8,468.31,1.67,11801,No,No
10bdd3b3-4f23-4fb4-a29f-ee5503beb80b,1/20/2023 9:05,85.07,349.26,0.61,5005,No,No
c0772be8-7e0c-4955-8e50-97de55005e8d,2/2/2023 1:19,70.98,365.35,0.89,14461,No,Yes
9e879ac8-52bb-4d5f-b783-8281f9c716ce,10/5/2022 19:54,72.46,149.85,2.12,12586,Yes,Yes
b7056701-5537-4ce4-af37-ae893579eb20,7/6/2023 1:32,63.91,460.02,2.53,14858,Yes,Yes
8861ba94-9e3f-44bd-a481-d7fc50514c44,7/25/2023 8:31,93.47,302.85,3.35,2685,No,Yes
4ebef0a0-5203-4a07-8d02-12524733cda0,12/2/2022 10:08,87.94,366.76,2.06,10425,No,Yes
647dcc93-1e2b-4529-a7d0-70f37c7ae1e2,11/8/2022 7:34,57.98,230.47,3.83,11238,No,Yes
7106dfb0-f7cc-42fd-98f8-b2cacd8c1f33,10/24/2022 18:49,71.13,378.88,0.28,12522,Yes,No
68dfe6be-87c2-4cd6-a909-6dcdea9a120d,7/5/2023 2:47,63.89,321.76,0.53,4394,No,Yes
391aaa81-d4a8-412d-9df6-91adf5eb9cf0,11/29/2022 21:20,60.77,176.74,1.34,19937,Yes,Yes
8643661f-9c34-42e8-8b30-df247de59278,3/5/2023 11:06,88.17,365.97,0.67,17626,Yes,No
3f651dcb-62f0-4064-bdde-56f32dfb68c4,9/21/2022 22:32,55.11,251.66,3.89,7971,No,No
827122b9-55a5-40c9-99aa-4a79886e8f0e,7/3/2023 10:27,69,399.25,4.34,6070,No,No
f8bb0366-a734-4724-a615-00b23870e6d5,4/19/2023 16:29,67.95,169.61,4.14,16800,No,No
7ae02b95-2d6e-456c-9b9a-e3c9c4044ded,2/12/2023 20:28,67.2,327.64,0.11,8348,No,No
4c5ab750-030e-494b-99bd-b557685c1d74,9/27/2022 0:03,63.23,262.43,4.36,4546,Yes,Yes
4701673f-5481-43d3-9423-8cad26c064e6,8/4/2023 13:19,52.17,433.49,2.36,12472,No,Yes
fe27181d-ad62-4632-a6fe-fd5a82249bf0,2/7/2023 1:57,72.97,221.55,0.37,19227,No,Yes
afa458a0-1b7d-448f-bb2e-1bd3dbd3335d,1/31/2023 12:27,56.24,184.07,2.64,13044,Yes,Yes
4004dcf5-ec9c-4512-a004-e25c9b82c600,7/9/2023 0:07,96.11,414.3,3.15,4764,No,No
7a3b2717-e6c7-4e47-aa4f-d353408e4886,1/3/2023 13:40,53.94,342.66,2.54,10128,No,Yes
c5cb23cb-0935-4bb6-b0b2-1e1916f8359b,7/20/2023 8:18,64.66,228.9,2.27,19812,No,No
99c987f8-2e50-40e8-909a-59652a03c7f1,7/3/2023 12:54,81.43,276.71,0.35,8410,No,Yes
9908d407-d5ea-460b-bde8-9f6bf49e537d,5/2/2023 12:34,94.27,370.25,1.41,15061,Yes,No
770ddd91-68ee-4b01-866d-f8260f67ad66,2/11/2023 22:20,68.08,304.47,0.74,19381,Yes,No
de60defc-b755-4cd6-a225-d97413d59960,4/29/2023 7:38,59.61,417.49,1.51,19243,Yes,Yes
162d4275-802c-4c7e-989e-4ed5a6f3e158,4/2/2023 7:58,53.48,483.93,4.42,1860,No,No
6177d647-c556-41b5-bc41-32fddd014b31,3/4/2023 0:10,83.06,394.38,2.48,9763,Yes,No
37941b71-aea7-406b-b630-8a2b0a8b1de5,6/21/2023 17:53,88.65,363.54,0.24,1948,Yes,No
f3864125-3b35-49c1-8641-b0f9d59febcc,4/21/2023 23:17,99.26,213.51,3.19,6911,Yes,No
66b2124e-c6a7-4fd4-9ee7-abea661007cb,8/17/2023 17:50,92.77,365.54,4.02,9954,No,Yes
925cdd1c-259e-4f68-bcc2-664f12a65594,12/26/2022 22:46,93.32,347.7,3.58,11124,No,No
576e1479-2cb9-4006-bb58-b38f6307356c,7/30/2023 10:22,69.01,137.35,1.62,12135,No,Yes
da60d5b3-c654-492c-94e9-3c2414ae19ad,1/10/2023 20:23,72.67,480.8,0.17,12502,Yes,Yes
debe96bc-c2dd-4081-b4cf-622149a37884,12/24/2022 8:31,91.71,193.95,2.1,1200,No,No
344b1d0b-3048-43b6-8f21-13aee866c9ee,6/18/2023 20:21,58.13,224.17,1.2,6944,No,Yes
5c6c6867-66be-4bbe-b351-dda9b676a1bf,10/22/2022 12:50,67.76,422.63,4.22,5694,No,Yes
ab05f2b1-60d2-44b6-9f0f-9ab12a58e283,8/12/2023 23:18,83.51,158.94,0.66,19557,No,No
54622714-d2df-4e78-a123-43930060d5a4,8/31/2022 14:41,85.09,118.49,4.74,14132,Yes,Yes
e72d1cd0-2cfa-47fb-8f73-9cdc4214c8a6,2/7/2023 5:35,84.18,493.57,3.27,3280,Yes,Yes
1fa25c74-ecb9-492d-803e-dd99fa4de563,6/15/2023 21:57,53.57,344.51,0.85,5648,Yes,Yes
229fc557-917b-4d7c-b947-d00ea084b993,11/16/2022 1:26,81.75,407.4,4.67,2004,No,Yes
26154c83-3f55-4d69-b932-b6edd7cdd60f,3/1/2023 9:45,76.71,282.17,1.53,4006,Yes,Yes
1f1d54e2-88ea-4938-abc1-733fba57c8ad,10/8/2022 3:59,62.24,454.45,3.56,18382,No,Yes
86176960-73cb-4780-9502-16f123f5a5c7,7/20/2023 9:15,73.11,330.27,2.14,8049,No,No
2af607c2-6a8e-4287-8210-a01dc1285d34,1/10/2023 7:14,63.5,387.34,2.46,13327,No,No
ee00d4cf-4704-4563-9964-38b9229cfc10,2/5/2023 20:40,96.27,253.59,2.41,14757,Yes,No
189d6144-0457-4968-abbc-1f6554b9647b,11/10/2022 22:08,84.41,259.86,2.34,15865,Yes,No
faebda77-9377-4016-a376-8ec78ca6b5f4,4/16/2023 23:31,60.98,159.03,0.81,12170,Yes,Yes
832a192d-d2ae-407c-9239-adb8245f4582,7/7/2023 13:03,66.21,375.05,1.03,6157,Yes,No
9ebf3de1-887a-4e87-a3cf-9272bd1f9a15,1/26/2023 14:22,88.42,457.06,3.04,13125,Yes,No
f37a7573-19b7-4563-a79c-88fb09f983be,1/16/2023 14:46,52.8,444.18,3.76,11211,Yes,No
c3b62c75-6e16-4c64-ab59-d76e54daf40a,7/16/2023 16:19,91.09,454.19,0.77,11629,Yes,No
3827d1d2-154c-47dd-a245-d2e427b36762,4/30/2023 11:51,90.25,411.37,0.44,19598,Yes,Yes
e54a9974-608c-4070-8f75-257fbde20359,10/27/2022 11:15,70.06,187.54,3.89,3783,Yes,No
4c3bbcef-4507-4b65-b0ed-45f9eb9d2475,9/15/2022 16:21,53.31,421.64,4.29,2723,Yes,Yes
c0217063-f5e0-46c9-9350-4afd9d9eed7e,6/14/2023 1:36,95.66,378.36,1.77,6098,Yes,Yes
dda0a999-2f4e-45cf-b8d4-f99ea9a236df,1/6/2023 10:13,78.36,285.82,3.96,6158,No,No
e5bb1e4d-533b-4adc-a325-039ed1301020,10/10/2022 10:35,85.9,322.96,1.41,2630,No,No
b9427543-746c-40d0-837a-1ae210c596f1,12/7/2022 0:32,60.63,466.99,0.11,3673,Yes,Yes
0e3bddcb-0d0f-4191-abfa-cc0dc1b9c439,3/12/2023 6:46,74.96,148.54,3.66,9916,No,Yes
30964495-f540-4bc1-959a-e5839811dfd0,6/25/2023 18:23,94.23,153.34,4.2,15519,Yes,No
2c79e861-3052-4e6d-9239-2c3b2e6ac863,1/21/2023 22:44,82.14,285.86,2.94,14894,Yes,Yes
ef2bccb9-775b-4d70-91c0-616ecd7f83a0,9/1/2022 10:34,57.14,312.45,3.33,16914,No,No
59d33e5c-157c-47ce-ae41-0289e0b0115b,9/1/2022 1:47,56.98,323.57,4.34,15484,Yes,No
d9723d7b-7bc7-4ee9-b761-9675275dab18,7/10/2023 1:02,87.25,226.92,2.29,14571,Yes,Yes
05aafa5b-4212-4581-80aa-a7ce46ef3df9,4/23/2023 4:10,76.95,402.1,2.47,9951,No,No
b69919fb-d8c0-4a76-9bc6-9c1f43d5a91f,5/31/2023 8:21,87.35,277.03,1.73,8063,No,No
656695e9-29e7-4c6e-84db-13bc9d57aaaa,6/1/2023 10:34,71.42,426,3.84,17788,Yes,Yes
09377195-fa8e-4ae7-b6bc-c10abe138fd4,10/15/2022 11:28,79.18,456.81,1.95,4729,Yes,No
0f78832c-312b-4b87-91b8-65395fd2a28c,2/28/2023 9:57,68.1,270.7,4.67,12310,Yes,No
d60efe52-a9b8-4cab-b599-afaf8f6b3c47,9/8/2022 12:06,99.87,462.74,4.36,15087,Yes,Yes
90a8b547-4492-4641-a998-0fd1cdb2b0b3,7/7/2023 3:23,56.92,278.37,4.91,4633,Yes,Yes
dc9225cb-dfa8-4816-bdbf-b19eb69f6b9f,7/21/2023 5:38,74.68,163.66,1.27,10281,No,No
0616847f-7f3a-42c1-8671-d9d13a7f6a46,5/15/2023 15:51,87.79,444.6,1.98,16945,No,Yes
ffed5807-5271-4c2f-8f7e-f20fcbee1526,10/3/2022 23:48,93.06,280.03,4.29,18266,No,Yes
74bf250a-3802-4ead-af8c-774ccee5127f,5/15/2023 1:25,57.64,400.71,2.11,11106,No,No
67f2bd4c-d22b-4992-86e2-0a028ddd069a,1/30/2023 3:00,58,435.95,1.66,2488,Yes,No
cc02b573-d919-4df2-be22-ca7fb9aa4005,1/27/2023 9:48,84.02,210.92,2.42,8225,Yes,Yes
1ca25c6b-3065-40a4-a50b-98d15c0ebd2b,7/26/2023 22:02,79.82,411.07,4.58,13951,No,No
5816df0f-47ed-41bf-9c39-2b61065c6515,11/5/2022 6:34,69.24,293.84,1.97,2795,No,Yes
24dc316d-9284-44b8-8b55-9090676ebdf9,12/31/2022 15:44,79.79,195.7,4.94,1251,Yes,Yes
78a3b8ef-dfa5-4776-b5f7-f853638cec06,3/22/2023 10:57,73.4,275.95,3.98,7698,No,Yes
7480f421-6d29-4ba9-9170-7d382f7efa34,5/17/2023 15:46,62.57,385.42,3.29,10876,No,Yes
6bb30040-da11-4690-ae0c-66416f057260,4/27/2023 14:12,77.66,193.8,0.85,7921,No,Yes
c39db5b4-2d73-44e9-aeb1-512a654cee79,5/9/2023 17:17,97.12,234.34,4.83,5496,Yes,Yes
318ccd3a-1084-45ce-9a50-20d545b0c1e7,7/10/2023 18:27,84.01,457.21,0.72,9372,No,No
b9334e2c-e154-4182-b18f-83ac58b8f449,1/18/2023 21:36,55.73,132.23,4.83,10484,No,No
41f27c64-919d-4ac4-a812-989c5eb1e1d9,1/11/2023 0:34,94.24,160.33,1.73,11751,No,Yes
d1aac3b0-ec2c-4bde-a93c-a1c213979bb3,5/24/2023 13:28,87.54,253.21,0.59,4931,Yes,Yes
f90966a3-9f9e-4b75-913a-cc7236d63022,11/11/2022 1:58,88.43,161.12,4.24,1253,No,No
7eb99471-210c-47d1-8e34-9f8320206f36,11/20/2022 16:46,67.01,185.58,0.59,17298,Yes,No
40a7b877-1827-4355-94ec-bf4d56e84141,10/22/2022 9:54,64.68,265.95,4.56,15111,Yes,Yes
77394e19-530a-42c8-8681-5c135ec5b227,5/5/2023 6:54,57.91,232.35,0.18,6757,Yes,Yes
2d35a760-0390-4e60-ba3e-67d0c2247d93,6/21/2023 16:49,50.16,286.37,0.81,5233,No,No
c5231bee-52b2-4558-ad9e-39f8258dad74,6/7/2023 20:39,86.1,124.91,4.37,13458,Yes,Yes
a254bcdd-7ac0-451b-889e-a2b723f6d3af,7/11/2023 11:33,85.98,433.16,4.85,18451,No,Yes
621b722f-b7c3-4dbb-b322-001c6f0d0c31,11/3/2022 22:39,98.59,255.79,0.47,8540,No,No
98724729-8046-43e2-b85b-a36b1a199ff0,7/14/2023 7:03,88.1,407.92,3.93,17392,No,No
f5fdf496-7727-4910-8dda-9ebca7eefdc4,6/23/2023 17:45,75.38,478.42,1.4,19308,No,Yes
aab5f777-4647-4b42-b32d-42647858dd98,12/31/2022 17:11,55.32,107.81,3.15,12605,No,No
c44a25c2-5a1b-4fbd-9c0c-7f6336f8e0ca,1/28/2023 16:44,81.27,452.26,2.05,3361,Yes,No
c1eb9dce-463b-4f46-8953-481ac96168fc,8/30/2022 12:43,92.08,330.28,0.49,14011,No,Yes
1c83a166-f349-476b-8767-8e3a41daea2d,10/17/2022 7:01,75.38,290.79,1.71,2386,No,Yes
797f490c-85cb-4833-9d4a-f9ab1ea6c406,5/12/2023 20:20,59.95,477.1,3.4,15294,Yes,No
d0be9d0b-a1d0-41a5-a2c1-f9bd3cbd92cb,4/15/2023 17:47,68.7,219.45,2.71,1614,Yes,Yes
1e069af5-0a01-477d-9cfc-0c00f2344c30,11/7/2022 0:02,58.08,255.99,4.78,16065,No,No
f9a26673-c498-40fc-b828-95b0314c053e,5/13/2023 22:39,97.67,456.66,3.17,3551,Yes,Yes
dcdeec49-c244-4222-94be-e612d26d37bb,7/3/2023 1:13,96.12,434.29,4.45,11258,No,No
f020c52d-aa97-4942-971b-ac2e425f384a,7/8/2023 15:17,95.92,315.29,2.49,19866,No,Yes
341a0177-733c-41a7-98bf-0c9a9b00742a,7/3/2023 12:27,79.95,393.85,2.75,15066,No,No
70eedccf-4678-48e5-add7-34aa96c83b03,10/7/2022 19:03,74.43,419.95,3.13,19789,No,Yes
896199d5-f5f3-49c3-ae7c-e310e5682ff5,10/13/2022 12:20,55.59,459.12,1.25,14252,Yes,Yes
47df2c20-2145-43ad-865f-5e1e713252ed,12/8/2022 5:55,68.15,295.29,3.45,14686,Yes,Yes
63a0b7d0-0d25-45c1-86dd-83e16619096f,8/28/2022 2:53,99.27,209.17,1.51,10486,Yes,No
67bd92b0-a90d-49eb-be82-2fd3bd4a8c6c,3/25/2023 22:24,90.34,294.26,1.21,4774,No,Yes
f84b8e4b-cb51-4c7e-a78e-d55afb75a715,4/6/2023 14:55,61.97,255.54,0.54,14272,No,Yes
1e380928-f207-4461-9eca-cd9fa2ba3922,5/10/2023 16:45,62.04,367.55,4.89,1683,Yes,No
e9e49ce8-ccf6-4989-8157-966969b603e1,1/27/2023 1:01,78.37,419.26,3.83,11642,Yes,Yes
49a57f57-378b-4c2b-91b5-93a696b03973,8/29/2022 21:37,53.94,389.67,3.55,6631,Yes,No
6b447021-dfa0-4718-8186-585c1f766435,10/31/2022 9:45,86.6,436.2,0.59,16076,No,No
4c725a9e-c033-4cd8-ac89-5945c1faaffa,10/16/2022 17:19,90.8,467.82,0.92,12857,Yes,No
144928d7-5e36-4369-b5db-6471b9887f2b,6/29/2023 18:57,98.9,492.29,1.57,3887,Yes,No
91932a41-032d-4011-8e5a-23d7c30b2815,11/28/2022 22:12,76.64,313.65,0.24,15310,No,No
a2bb03c5-287e-4711-8a06-db3ea9315d24,3/23/2023 9:11,56.29,462.77,1.69,4468,No,Yes
2f15d7ef-8e1a-41b1-8f79-117299461940,7/15/2023 6:31,82.99,336.76,0.37,8972,Yes,Yes
bb44c6bc-b4e1-4125-9ad6-d94d70b0977f,10/5/2022 13:18,97.34,365.2,1.86,15276,Yes,No
741c5b9e-593f-4e24-bd23-d41ee0c765cf,5/11/2023 1:22,58.26,133.58,2.21,14121,Yes,No
75bc4901-6d9d-4b7c-91d8-47401be92003,5/23/2023 16:15,76.38,271.45,1.3,18169,No,Yes
b4b26175-8203-4d1d-913e-940af766be44,8/19/2023 0:35,80.33,446.74,2.12,3577,No,No
16a85aba-c45f-4d18-ab80-a63c0d250bdf,4/16/2023 4:17,98.22,172.69,3.44,13968,No,No
c17769c7-62c3-4993-8def-393109755bf4,9/15/2022 2:13,96.45,204.06,0.98,11167,No,Yes
b82c1870-9050-460b-abc0-563346d36c0e,8/14/2023 23:57,87.76,230.94,0.96,12125,No,No
25a02830-db54-45c3-b242-c1188025e32c,12/7/2022 7:50,84.49,281.88,3.09,8260,No,Yes
25c76c09-ef34-45bf-8223-8fc5d291e13c,10/31/2022 3:01,85.65,235,1.97,11913,Yes,Yes
cee79c9b-41e4-4fc1-ba2b-63397cc11630,7/18/2023 19:37,69.95,451.86,3.45,6509,Yes,No
9404760d-ac98-4018-b191-7b3cc2cb578f,2/5/2023 5:15,83.58,211.3,2.54,3502,No,No
9a4625c7-e4b9-4fb2-b5d8-f1f5547e67b3,1/21/2023 6:27,68.67,480.48,2.96,17727,Yes,No
8a34ba28-fb72-4322-b319-09826c81bda2,1/30/2023 7:42,94.98,268.63,1.24,4736,Yes,No
78c78b0b-3e02-4012-b493-959ac6dcbfe1,9/4/2022 18:59,72.57,433.96,3.23,18386,Yes,Yes
2b63a544-9d8f-4d9e-a2ca-e8874575520d,5/8/2023 4:22,62.4,288.12,2.35,17710,Yes,No
9b3e0e41-d425-4b4d-ad05-05808b3eacf4,9/9/2022 10:14,53.2,399.61,3.37,7353,No,Yes
b4781c08-a3b3-4532-9d14-9fd973268b90,6/16/2023 1:27,51.05,120.83,4.5,12448,No,No
d46d7ac5-a9b9-40fb-8d6e-08df79136a4e,4/10/2023 22:25,77.7,480.77,2.38,12504,No,Yes
9f1f09d4-7a22-40f6-9493-dfe235e8aa8b,1/12/2023 11:56,79.42,189.69,1.51,5839,Yes,Yes
5f610e15-3bcb-4c7d-a5b5-71bb8552c2c5,8/6/2023 1:17,50.36,127.45,2.78,8742,No,Yes
e0fdd161-1e8a-40b4-9112-bd2ec52b9c2e,10/26/2022 3:32,85.39,482.91,0.46,4368,No,Yes
fa8ea893-aea3-4694-8d4a-c987029072e5,2/27/2023 17:18,52.94,116.1,4.73,5798,Yes,No
82ac6eb9-3d54-4803-b000-d96d5a3cfb5f,10/14/2022 20:20,53.37,112.41,4.94,9387,No,No
8e7a4823-bc35-4795-ab97-35f3f4165f87,5/3/2023 11:19,51.57,198.91,1.57,7464,Yes,Yes
88a9f373-7d43-48bb-a69e-ae6345eb9413,9/6/2022 12:12,66.52,435.69,4.81,6685,Yes,Yes
951dbc3a-c01b-4ae7-ace5-2174e8c3b195,4/30/2023 23:03,75.71,348.53,3.48,6009,Yes,Yes
f56620bd-285b-4fae-88e7-8f59c544b988,10/9/2022 15:29,63.92,195.42,2.34,3469,No,No
d188e6a8-c841-41fa-bdd1-880a10835c27,3/25/2023 12:16,74.27,289.42,1.58,6804,Yes,Yes
e16cd45a-5488-4d22-be2e-f37de5e053fe,5/21/2023 22:18,76.96,145.76,5,17191,Yes,Yes
70aaad67-0d73-40af-9c9b-785b3ec35ce5,5/30/2023 7:15,86.17,479.1,4.28,16202,No,Yes
447c737e-6539-4b20-ac86-b98f47ce9e89,12/29/2022 16:19,94.12,286.01,0.62,19472,No,Yes
07f47516-e021-4568-9083-1551fbfaf7bd,3/20/2023 0:14,78.81,202.5,1.97,19988,Yes,No
2e3f6add-2abb-488a-b45f-81ddc277ff0d,3/28/2023 11:07,62.15,247.56,1.86,15709,Yes,Yes
24ec4b48-5643-4d44-ab95-c5f0ff61d634,7/27/2023 10:28,73.65,342.36,1.55,19497,No,Yes
db13d714-203f-4646-9fba-714e1d2052c5,3/28/2023 5:18,70.35,485.49,3.53,11590,Yes,No
289800f5-1e56-45c8-9986-a4ea7b0f9c33,5/14/2023 5:03,54.72,387.34,0.21,11359,Yes,No
aa6b8d46-d689-4740-b825-96494efd42b8,5/17/2023 10:58,82.95,411.12,4.17,5946,No,No
a274e82c-8f19-430a-9094-1fdffe957be0,6/1/2023 13:39,67.71,165.51,2.04,15410,No,Yes
0340b3b5-9457-430a-bab2-086565d578c8,12/2/2022 12:21,70.56,224.42,0.14,3237,Yes,Yes
360056d4-5692-4d79-80ce-d40ad7d999a3,11/22/2022 6:38,93.19,331.47,4.34,16365,No,No
36198231-786f-4070-9184-1434f689a2be,6/28/2023 1:52,52.71,471.55,3.91,15490,Yes,Yes
94d7dd07-0073-44ad-aedd-23fae26cb2a5,1/17/2023 7:38,82.67,330.32,4.87,10922,Yes,No
e94a48d9-27c7-4157-a305-d623f8cc3325,3/30/2023 0:42,82.31,463.21,4.56,10000,No,No
12134d53-6b21-4aa8-89dc-34b53b21171c,2/4/2023 3:23,53.03,250.12,3.75,2840,Yes,Yes
af674041-c3be-4eee-99ba-0a002ee4a22e,6/29/2023 20:28,86.41,476.59,4.18,12532,No,No
097dc24a-29f3-43ae-ab08-788ea62f1e41,10/17/2022 12:45,90.03,179.33,4.52,17624,No,No
5d59af62-8340-4d30-8319-acd7bd8747c9,4/21/2023 21:02,55.46,336.84,3.9,3431,No,Yes
d26c3aca-0272-4346-a70a-995dbfff5d3d,12/22/2022 23:59,59.58,432.23,1.23,11171,Yes,No
dc68b3af-0575-4356-980a-1e838fd9bf57,7/29/2023 16:13,76.81,197.14,4.03,16130,Yes,Yes
0adbee32-85e1-4c93-a09f-68c98672e7ce,4/25/2023 9:48,57.01,378.88,1.17,15808,Yes,Yes
0e1b513c-b489-4dd9-b90d-71f12c87ed43,10/1/2022 9:40,59.17,220.63,1.03,2232,No,No
6d551e29-769a-4703-86fb-543ae1dd8159,11/23/2022 12:52,73.13,373.7,1.33,2864,No,Yes
2c8eac8e-2fc6-4236-a134-c427370e19c5,3/21/2023 17:32,93.72,422.21,3.8,13082,No,Yes
8d7fe117-7673-4d72-8677-1881791b1b09,5/17/2023 4:39,53.77,418.49,3.86,10406,No,No
44d4edd7-3769-4756-b521-ecc69a7b8f41,11/7/2022 20:12,90.4,326.37,3.44,3514,Yes,No
ab2b1de0-eeb8-4d77-92b4-69e2bd097343,1/18/2023 14:35,92.8,116.43,0.77,3958,No,Yes
c93e3b64-30f9-4b22-9823-8f4545d83b23,7/14/2023 15:42,54.9,313.1,0.58,17615,Yes,No
8c518089-8c01-48e0-97da-d99b46d511fb,1/14/2023 16:13,82.61,364.61,3.17,13598,Yes,Yes
c863263d-047c-4c85-b8be-2b253e7ae6db,12/14/2022 17:27,77.03,127.58,0.29,16162,No,Yes
4e3daef5-6ed4-4039-8e16-7918a7c0ca32,2/25/2023 10:18,50.74,359.02,3.96,19163,Yes,Yes
4c648b18-fc11-4e2c-a4cf-4ed05c24b8ec,8/2/2023 14:44,54.66,105.06,0.26,2344,Yes,No
fdc26c06-a2d4-4ba0-b6c6-2630c1b91884,8/11/2023 14:21,87.68,268.02,1.89,15736,No,No
dc776564-cf30-4207-b632-d47254e2e0d7,11/19/2022 6:53,61.82,296.08,0.74,19732,No,No
e65776c6-7e7c-40b1-a044-1a1239fbb3b2,2/24/2023 9:45,70.32,273.41,4.56,7168,No,No
2fe82f10-999c-463f-93c8-ef3662fb3e3f,4/18/2023 9:24,74.07,244.88,1.7,11535,No,No
f1187bd7-ec76-4229-b6ac-2042c1fa1e80,8/31/2022 9:58,93.23,456.63,2.14,16585,Yes,Yes
2457ea2b-c5ce-4cef-8db8-ecd7a6aef9e6,2/14/2023 6:50,95.12,283.9,1.08,17428,Yes,No
234b7da0-e127-4e34-bfa4-575f60673831,10/7/2022 8:36,58.23,161.2,3.95,5943,No,Yes
9de1c52b-1569-4b43-823d-32b41720c52f,4/27/2023 21:32,50.11,170.45,4.39,3027,No,No
b96be4bd-2b61-4179-b69c-077bc702bb04,1/25/2023 13:13,69.52,308.7,1.89,15762,No,Yes
98fc947f-93b9-491a-aaa9-59b0f043a7e5,12/29/2022 1:52,96.33,360.18,2.56,4391,No,Yes
d2dd3672-d4aa-404e-aad8-445a8519eed5,5/7/2023 10:11,89.26,346.36,1.44,12253,Yes,No
5c26aa05-7965-45d4-83ba-a2f4b88999ba,1/11/2023 18:03,64.26,467.85,0.91,3763,No,Yes
1587eb76-7668-4917-900c-4cdc3287791a,10/4/2022 21:47,84.83,409.86,4.58,17533,Yes,No
d9bc2fe8-e742-4e75-a792-3a481b4370cc,11/19/2022 17:16,86.53,285.95,4.73,6654,No,No
1d499358-4924-426c-a961-9c7d869faf6d,6/14/2023 22:01,89.17,430.29,4.84,2282,No,No
a7e59c3e-980a-49a8-b3ae-a9fc1ba29c07,10/7/2022 14:29,83.09,336.99,1.55,9118,Yes,No
9c460b7e-a364-4fbf-b1a1-cf49822326ee,5/3/2023 4:28,74.33,228.92,4.36,15344,No,No
9cac69f1-6af5-4ae2-835f-52071a8a56b3,10/27/2022 10:32,59.49,198.2,4.04,15398,No,Yes
8975cef6-8e4d-4dfb-97fe-0d02a0ecb104,3/24/2023 14:59,60.89,473.85,2.39,18172,No,Yes
6f0f2e4a-b279-4ecd-ac96-31b114f2ff2a,10/6/2022 18:36,52.92,211.57,0.47,18129,Yes,Yes
13846793-41af-4ca4-8541-26bc7775a797,5/11/2023 18:03,86.79,280.32,3.8,6201,No,No
de762983-2178-4b6f-96a0-0cf91dd842ae,12/31/2022 0:06,53.05,400.19,1.21,12924,Yes,Yes
af7f98c1-3e34-4c0d-b494-a85ac775a18e,12/17/2022 21:16,65.68,327.94,3.41,13217,No,No
8258e1d9-0153-4e44-b479-7e1d9713316b,2/24/2023 3:16,52.51,367.28,3.4,10269,No,No
e5a22b71-0c6c-45e3-8437-3856a6a5d477,6/6/2023 5:35,73.84,234.56,2.05,13694,Yes,Yes
3a6f5733-b565-41a8-9aad-6cc0e1a68d09,2/18/2023 8:22,95.97,297.72,4.24,14394,Yes,Yes
946be76f-0f35-47dd-bd09-a722f62b4978,4/28/2023 21:57,76.56,230.01,2.83,12087,No,Yes
c50d07b3-a36e-4228-b0e5-7f99634ef9c9,11/3/2022 6:11,52.84,295.02,0.54,2715,Yes,Yes
7347ef9f-6dcf-4621-bde7-d3780f65b70d,10/2/2022 13:57,75.39,241.93,2.03,11965,No,No
f42fe16c-7a52-4285-a1bf-781b382373ed,6/30/2023 23:40,92.57,203.34,1.4,3159,Yes,No
e9315049-07fe-4877-ac24-5f0191ee0be9,7/12/2023 20:20,53.43,211.86,0.71,11803,No,Yes
92186577-ddc1-41dc-99eb-815bb122c290,10/30/2022 16:23,53.4,338.46,1.91,4096,Yes,Yes
2f9a26d8-938d-410f-b5e5-e6482d070147,11/23/2022 18:41,93.09,452.04,3.77,19283,Yes,No
8ead57f8-541f-49a2-bc1c-778aad3d2d30,2/16/2023 10:52,70.19,322.32,1.38,13666,No,Yes
626c326f-a6bd-43d0-919f-933da701939f,1/21/2023 1:08,97.08,306.65,1.97,10310,Yes,No
88a6cc09-8d73-49d0-afb5-5dbb2c9d38a5,1/8/2023 7:21,78.48,176.42,3.23,9257,Yes,No
41000141-14d7-40a5-9554-fc9dcd23aaa3,12/1/2022 7:59,78.95,196.54,1.92,5927,Yes,No
a161e166-186d-4138-9745-f7abad40aad8,8/27/2022 12:50,51.99,262.57,3.41,11923,No,No
5df3dd5d-b7e2-47d6-9d21-2ccc0edf770e,12/11/2022 11:04,54.1,322.07,2.41,3670,No,Yes
0ffe60e6-dbfb-43d0-8635-0b4b4fdab516,7/22/2023 22:49,82.87,196.13,3.14,5634,No,Yes
fb331d29-5669-4ae3-8363-24fb5476d857,12/17/2022 14:53,78.26,290.44,4.72,12462,Yes,No
705cdba3-1487-418b-8d84-ed082fa92ebd,10/19/2022 22:54,65.82,384.74,1.71,11165,No,No
8ceb229d-6ef1-433f-90a3-5b36b7df9797,10/14/2022 17:41,63.04,279.27,3.09,13843,Yes,No
34140243-d324-41ac-9f1c-a35a7e86af11,1/5/2023 2:41,83.49,106.9,3.27,5225,Yes,Yes
8079072f-55b3-4f27-a90b-70d0c6311de5,1/1/2023 0:55,65.71,217.69,3.21,3776,Yes,Yes
f4dfc5aa-7a17-4753-8a49-c66fecbd911f,11/22/2022 17:49,63.28,261.76,2.37,11144,No,Yes
6dcbacab-f576-41bf-81ad-0f55ec1de8a1,9/11/2022 9:40,56.54,197.32,3.54,19314,Yes,Yes
2e3c97d4-f937-4181-a101-aa3f713776f2,5/26/2023 19:31,82.28,365.58,3.28,13343,No,Yes
615d0fd9-991d-4c8b-bcf3-25e5277d71bc,7/21/2023 21:08,72.86,247.61,0.67,11763,Yes,Yes
8ebb05a9-ae11-4880-b61b-c103cc30a5e7,5/21/2023 7:45,96.45,321.39,0.32,5187,Yes,Yes
0bd63dc6-01fc-4430-8a80-592945ba1082,8/31/2022 23:21,96.79,237.5,0.28,18248,No,Yes
9a28f9a3-47b3-4465-9b07-b5979a210d99,2/13/2023 17:44,50.47,498.65,4.98,4062,No,No
61fa31e9-ca54-4f7e-9c25-00a41b80d21f,8/4/2023 23:55,81.06,320.16,0.67,14874,No,No
183b0917-2d3b-4c85-b734-d32700b69221,1/22/2023 19:20,78.15,240.72,1.25,17662,No,Yes
c648bad5-3e4e-4896-b36a-4bda248da0ea,3/10/2023 22:38,55,281.5,2.73,12856,Yes,No
5e8e25fc-d048-48cd-9af7-6c06b1264db4,4/11/2023 3:01,76.88,222.65,2,1597,No,Yes
c2530b4d-c26d-40aa-a0d4-7036b15418d8,4/30/2023 22:32,75.29,192.22,1.92,12881,No,Yes
cf518959-d7a5-4493-96d7-6478c5c482f5,10/21/2022 18:50,56.62,388.51,4.75,11120,Yes,Yes
0a7fe458-29f9-4223-a60b-2563e73011fd,5/12/2023 2:34,67.45,226.22,3.51,6906,No,Yes
0bbe5a71-2b76-44f7-ab4d-3f34e6f19fe8,1/12/2023 0:14,53.44,397.15,2.75,8018,No,No
4d65de53-926c-4517-af74-90cc4f2e6ac1,7/26/2023 17:09,62.21,480.35,2.98,12197,No,Yes
26996ea0-2c33-487b-80c8-56a886b554ff,4/16/2023 1:58,64.25,376.07,3.66,16934,Yes,No
88bcb543-31b6-4378-bd9b-e97f1311fc2d,9/17/2022 21:11,71.91,176.62,4.44,7291,Yes,No
f20cdee6-3aea-449e-b1dc-5c489b7c3f06,4/7/2023 8:12,77.16,395.44,3.31,8423,No,Yes
fa078d6c-e08b-46a2-be32-392668173cb1,11/22/2022 3:18,65.13,210.6,4.19,5507,Yes,No
0426b8cc-0cf6-46b7-a053-aea055d8aeab,2/23/2023 6:06,99.19,335.83,3.12,6077,Yes,Yes
5fed9c1a-1fd4-4de8-8590-6c75e88f7a53,7/6/2023 9:49,90.35,404.08,4.7,3528,Yes,No
eb93caa3-b269-4385-87fa-8cea58d53e6e,8/21/2022 17:18,76.45,338.72,1.47,10692,No,Yes
f9e24b84-5bca-474a-9c7a-3abf13127df2,12/19/2022 23:52,83.39,492.2,3.48,4314,Yes,Yes
a3087564-2d93-4f1e-918d-e947107e3f1e,8/6/2023 3:25,77.73,433.05,1.16,17635,Yes,Yes
8d93fcb5-f12d-4ba4-b4a1-92d06711e311,1/31/2023 1:52,96.59,218.5,2.28,18687,No,Yes
07360786-6cb4-41b4-a6b3-76ed691b38c4,2/15/2023 5:52,55.18,244.35,1.26,18253,No,Yes
2fa9259b-694d-4d37-97b8-a3d81ad71c93,3/22/2023 6:32,93.91,220.91,1.88,2236,Yes,Yes
7ac7f952-cb3d-41c9-a4a4-bfe6c59aa97b,1/11/2023 17:14,63.22,383.21,4.91,12035,No,Yes
d3c398d1-62c7-4eb0-9f3b-ef39d716c6d3,7/25/2023 6:42,94.49,150.63,1.9,5294,No,Yes
4fd0415d-5646-4fc9-b060-05ce3e40b27b,10/19/2022 21:16,87.12,118.21,4.52,13344,Yes,Yes
15d4a3e6-8318-4d82-8fce-b084c0dc1bfe,12/3/2022 19:24,57.77,121.81,3.26,6054,Yes,No
f950faa2-101c-474a-997e-6a40a124de32,8/22/2022 7:08,64.09,216.85,0.4,6316,No,No
bd0a7bad-1f45-4c1d-85d2-427607b7bc48,3/11/2023 18:28,60.53,477.64,1.45,6925,Yes,Yes
dd5920e1-fae4-47df-9a1f-96fa54f3cd10,1/18/2023 20:14,67.14,355.15,4.84,6424,Yes,No
6de73179-a5aa-455f-ba96-9d814b759bf1,1/15/2023 2:20,84.37,401.12,4.75,15341,No,Yes
601a573f-4b19-4c59-95df-8959ae5a4f4a,5/10/2023 19:19,92.65,141.04,4.14,2431,Yes,No
1e0fe345-7b6f-4c58-ac5f-8251c630bc63,10/25/2022 3:03,75.27,104.91,0.55,14463,No,No
b899066a-330a-4062-ab00-88ddd5958ce7,2/12/2023 9:55,62.56,213.74,1.14,12937,No,No
2352d5ad-9fa4-4176-a957-5c3b37efafeb,4/20/2023 19:20,95.41,291.49,3.23,8783,Yes,Yes
2658c8fc-98d6-4917-baaa-e164f3296f9e,7/16/2023 21:35,52.54,236.28,4.86,15555,Yes,Yes
928e66f7-2a48-4826-97eb-2d9b14eeec50,4/6/2023 17:29,81.71,486.2,0.35,10336,No,No
9882061e-ac50-4350-9fad-337066bd56f0,1/1/2023 3:30,91.47,200.99,1.73,15710,Yes,Yes
541456f7-7502-42e7-b184-2a69637934da,10/30/2022 13:53,52.2,444.69,4.95,8667,No,Yes
d6ccc847-7081-4d2f-92fe-286200a1f247,11/2/2022 13:41,66.68,145.63,3.96,18498,No,No
385a39e4-e3e9-4da1-b181-abaf4a8e2f94,8/8/2023 12:35,56.54,126.14,1.11,8837,No,Yes
2c607478-0b63-4f8e-aa80-f6e49e2eb0db,4/16/2023 6:09,98.99,296.7,4.17,11140,No,Yes
2ca37177-47fc-418d-a20e-13abb6007bb6,9/1/2022 23:50,58.08,330.81,2.82,16368,No,Yes
67ea36f3-3487-4155-a713-eb5305170cdb,7/23/2023 19:45,72.09,374.58,2.97,7357,No,No
19f943ae-1d0e-4da1-bb12-c075f9c8545e,4/3/2023 5:49,85.28,160.69,4.08,13053,Yes,No
3ac1ae66-f9ed-4c65-8f32-47e53753e8e5,8/3/2023 14:40,78.05,424.46,1.24,19691,No,Yes
a039bf31-f5c4-4964-bc9e-cefc17cc5257,8/11/2023 14:02,55.59,479.65,3.89,15437,Yes,Yes
4c00e790-dfbc-47bd-9044-82ec934d99a2,3/13/2023 14:44,97.25,134.07,3.96,16128,Yes,Yes
67320267-7083-49f8-8d8e-610ed03d6e4d,10/9/2022 18:22,84.55,199.28,3.02,10233,No,No
4b0646e5-4e36-4ceb-b3aa-aee7d37408ad,10/22/2022 11:00,57.45,323.23,1.46,13513,No,Yes
e5211235-1bde-44b5-90bd-791b84210830,6/30/2023 6:44,51.8,266.47,4.92,17479,Yes,No
e519ceed-a2ac-4d2e-80ce-46b78d915f57,4/17/2023 22:26,68.46,338.45,4.94,18283,No,No
1ece8f90-c10b-4c73-845f-8183bb7501ad,12/14/2022 18:00,77.63,347.37,2.75,14718,No,No
7e55b1aa-a523-4564-b815-ac17a40fb0db,2/29/2023  9:49:10 PM,71.49,410.28,4.01,6310,No,Yes
6d9dbdda-f7a5-4ea3-8c64-3a40c77584f2,8/23/2022 9:03,52.09,252.15,0.64,7543,No,No
b8a6a894-994e-495b-87b1-26769527e03c,1/19/2023 9:32,68.23,463.4,4.35,5535,Yes,No
55353229-c6ca-46d7-bfcf-0ff017ad8fef,2/5/2023 23:23,96.65,218.94,0.75,9192,No,Yes
252070f2-e458-467e-b235-46f4fd05b76a,6/11/2023 1:27,98.61,335.41,1.86,2709,Yes,No
a8b1de32-2e38-47f3-b554-83959799576f,11/14/2022 15:55,51.99,271.53,3.96,16747,Yes,Yes
c6d7c864-e44b-4702-b19b-3cfae9e5788e,10/5/2022 18:22,67.89,327.45,2.99,13163,No,Yes
4f3550a1-8e5f-4949-b9b5-7acdcf0b8f41,5/6/2023 5:22,84.1,124.09,0.18,19171,Yes,No
d27fefe7-dca6-442c-9168-90300aff14f1,8/4/2023 23:00,83.35,484.04,1.4,4361,Yes,Yes
f33bd2b2-b740-48a9-bb14-6759086ce92b,7/21/2023 2:31,67.68,139.69,0.72,17905,No,No
c76e629e-4502-4950-913c-cb88035ebc37,6/27/2023 6:12,77.99,405.09,2.16,5085,Yes,No
9e99556c-cac2-459b-ad2e-27ff006ad83c,7/20/2023 18:30,93.74,350.21,0.66,10340,Yes,Yes
cb2648b4-9b7e-4137-8051-864212f7f120,10/16/2022 0:59,98.69,205.86,0.41,3748,No,No
06367a6f-b755-4253-b427-35f4d2775950,12/18/2022 8:53,87.47,132.47,2.3,6253,No,No
cfc98228-e6fa-4274-831c-fa2992ca611c,6/22/2023 19:33,96.29,195.95,1.87,9938,Yes,No
485c500a-9f1b-485e-bd0f-cc78a15b698e,4/3/2023 19:45,61.84,320.8,3.01,15723,Yes,No
cc96a66e-095b-4c9f-8a58-43ff81da39c4,10/18/2022 22:02,58.13,162.61,2.31,17821,No,No
41b366f4-15b5-46f6-a1ca-fa2f44222018,9/6/2022 11:44,89.99,263.41,1.19,5828,No,Yes
0a52348a-9290-45f2-9332-d49004e3b922,10/4/2022 14:08,58.85,375.75,3.11,15335,Yes,Yes
f98bbf98-9b35-43a4-8fae-af143541c092,11/9/2022 1:19,70.61,287.96,3.66,4005,Yes,No
af31df7d-1be6-4e11-8a05-31d59e482978,12/10/2022 11:43,58.97,113.06,4.55,8275,Yes,No
8b1b40cd-0ce8-4fd2-aeab-6cc53d3870a4,7/4/2023 21:37,96.22,215.24,3.33,15782,Yes,Yes
b8f6d414-dadc-4a3b-a637-f8822477a122,7/9/2023 1:44,89.12,213.09,1.58,12455,No,No
0e33afd8-4e15-49df-8c16-7c866fc7df64,6/7/2023 22:43,70.59,443.84,3.25,1873,No,No
de374db0-eb50-412c-aed1-ec4917cb89a6,10/26/2022 2:33,83.5,128.47,0.25,14595,No,No
737e6d7f-5a04-4d33-bcb5-9997635ecd5c,1/14/2023 23:34,86.75,193.37,4.99,2745,Yes,No
591ea66b-da33-495c-b4e8-853a025268bb,4/15/2023 21:04,62.41,205.82,4.25,13991,Yes,No
d5210f1d-c97a-415d-9ca3-884034a7ca63,4/5/2023 3:05,57.96,416.5,2.19,17449,No,No
669ce267-e76b-4315-a764-e360bf94de7b,11/26/2022 2:45,85.06,335.92,0.63,13253,Yes,Yes
b09c2f39-3161-47a0-bc44-21664b5c7a7c,5/24/2023 13:48,69.13,421.56,3.59,8725,No,No
e168f802-604d-4e72-93ce-cf78e13f801c,7/11/2023 20:09,51.94,179.13,2.27,13653,Yes,No
2043ea72-25d0-4061-994d-d9793bb52cae,3/10/2023 20:24,73.53,145.91,4.51,3674,Yes,Yes
32a29c1b-efd6-4048-9007-3571b692a685,4/9/2023 11:04,59.98,189.92,1.68,13285,Yes,No
035ccaf0-1dc4-405f-92fe-ee8824f5d96f,10/21/2022 0:12,95.92,159.6,0.83,8357,No,Yes
cef5ae8b-3e2d-4947-923d-e020225e5c02,9/25/2022 5:01,67.48,206.25,0.72,1923,No,No
bb0db227-787b-4545-b8a1-6887944192df,10/18/2022 8:47,91.03,156.89,3.16,11442,Yes,No
8ce5a497-888d-4260-8c3a-b6cd92d6470d,5/10/2023 15:09,93.57,123.86,2.97,4246,No,No
a28e16e7-3d02-4246-b89a-2fa60995a05e,10/7/2022 3:57,61.15,417.05,3.59,11986,Yes,No
fd3ee5fa-d4d9-4955-87a9-2ccc21e5bc5f,4/8/2023 8:41,83,338.02,1.97,5785,Yes,Yes
50083b79-e9ef-4d30-b03b-0e4114ea8f7b,3/29/2023 4:36,69.92,429.7,3.03,5508,Yes,No
15efe8c4-0020-480f-be8a-04d378dbef1e,5/1/2023 0:59,63.93,468.48,1.54,2255,No,No
62c2df05-78f3-4c09-9ef2-59cd5b9c46c2,12/26/2022 20:18,53.47,275.66,2.58,10400,Yes,No
8b2c45b3-ec62-487e-ac32-d816016cd50a,8/29/2022 20:38,88.67,287.48,2.21,16481,No,Yes
10c83286-22f4-4fbe-aaf0-2ae8e52afe55,9/17/2022 13:47,67.56,221.64,3.99,5547,No,No
f3ed8d85-d294-49c1-82d9-d8ceeefe1f8c,12/6/2022 23:29,75.47,261,0.66,16371,No,No
1ffad0e7-5ef8-4cb3-b18b-30c3903411c7,4/3/2023 18:22,83.98,208.9,3.31,15699,Yes,No
ce99b078-6414-40e2-bedc-66caab4855f4,2/28/2023 11:47,92.18,315.99,4.4,1172,No,Yes
f4aca224-99bf-4a73-9aff-ede713028130,1/14/2023 1:16,66.56,275.1,2.8,3596,Yes,No
f6e79c66-d8b4-4fa8-9cd8-a61313b06fbb,7/20/2023 13:18,51.38,339.21,4.34,1622,Yes,Yes
55cd927c-6d7b-4a4f-80df-9fd9f0e3fa2e,6/5/2023 14:25,93.85,455.77,2.21,9386,Yes,Yes
34edb12b-5099-404b-a63b-929f2c0190de,4/3/2023 14:28,63.06,393.81,4.45,8066,No,Yes
72bb9d17-f4ef-4edf-b572-a4818e677023,10/22/2022 15:32,79.03,341.49,2.13,5899,Yes,Yes
a3dab873-ada5-49cb-a383-0dac54867934,2/10/2023 19:43,99.18,110.35,4.15,18983,Yes,Yes
a116f703-e5a5-4c3f-b451-e6b82a6bf517,3/19/2023 15:41,51.91,191.57,2.05,18294,No,No
8f602544-059e-4f66-8b26-68ae4b635693,11/8/2022 18:27,79.83,369.72,3.68,14869,Yes,No
ba3f47b6-c263-4113-a4d1-92a6c7b46ea8,12/14/2022 12:05,67.28,444.21,1.63,4643,No,Yes
bc9a4948-084a-40c4-91f9-ec6340277136,1/13/2023 3:36,89.32,334.85,1.63,10440,No,Yes
f2140585-a6ed-400c-b3a7-895fecf612d2,11/27/2022 9:44,71.82,108.3,1.35,8786,No,Yes
850ba96a-eddc-449c-9e5a-e25bd239c302,2/22/2023 5:06,99.21,405.9,4.77,10868,Yes,Yes
